id,gender,age,hypertension,heart_disease,ever_married,work_type,Residence_type,avg_glucose_level,bmi,smoking_status
306,Female,67.1,0,0,Yes,Private,Rural,83.3,15.8,Unknown
116,Male,41.7,0,0,Yes,Private,Urban,92.5,50.2,Unknown
120,Male,67.2,0,0,Yes,Self-employed,Rural,77.0,22.9,Unknown
311,Male,49.0,0,0,Yes,Govt_job,Rural,118.9,20.0,never smoked
237,Female,32.7,0,0,Yes,Self-employed,Rural,170.5,20.1,Unknown
363,Male,9.3,0,1,No,Private,Urban,171.5,21.5,never smoked
411,Female,51.4,0,0,Yes,Private,Urban,107.9,17.7,Unknown
25,Male,10.2,0,0,Yes,Private,Urban,144.4,17.2,never smoked
193,Female,66.9,0,0,Yes,Private,Urban,134.4,15.2,smokes
401,Female,14.0,0,0,No,Self-employed,Rural,75.7,17.8,smokes
371,Female,48.2,0,0,Yes,Private,Urban,101.7,30.0,Unknown
491,Male,23.0,0,0,Yes,Private,Urban,154.5,38.0,smokes
34,Female,9.3,0,0,Yes,Private,Rural,100.6,34.7,smokes
408,Male,9.9,0,0,No,Govt_job,Urban,163.3,18.4,smokes
248,Female,27.8,0,0,No,children,Rural,177.7,24.0,never smoked
4,Female,26.1,0,0,No,children,Rural,102.7,25.2,formerly smoked
295,Female,45.7,0,0,No,Private,Rural,111.5,24.4,never smoked
159,Female,73.3,0,0,Yes,Self-employed,Urban,65.2,37.3,never smoked
219,Male,9.5,0,0,Yes,Private,Rural,250.1,32.0,formerly smoked
43,Female,10.2,0,0,Yes,Private,Urban,131.5,22.7,never smoked
93,Male,72.9,0,0,No,Self-employed,Rural,83.0,21.5,never smoked
231,Male,20.9,0,0,No,children,Urban,191.2,20.5,Unknown
286,Female,20.7,0,0,Yes,children,Urban,185.4,17.3,smokes
485,Male,25.2,0,0,No,Govt_job,Rural,88.5,36.1,formerly smoked
367,Male,37.8,0,0,Yes,Private,Urban,102.6,14.7,Unknown
206,Female,63.8,0,0,Yes,children,Urban,126.6,21.9,never smoked
374,Male,73.6,0,0,No,Self-employed,Urban,129.1,26.7,never smoked
106,Female,4.3,0,0,Yes,Private,Rural,116.5,33.9,never smoked
394,Female,3.7,0,0,Yes,Govt_job,Urban,97.2,30.5,Unknown
474,Male,21.1,0,0,No,Private,Urban,201.3,25.5,never smoked
259,Male,9.4,1,0,Yes,Self-employed,Rural,110.7,36.2,never smoked
181,Female,43.9,0,0,Yes,children,Rural,100.9,21.6,Unknown
71,Male,62.7,0,0,Yes,Private,Rural,135.8,17.4,formerly smoked
169,Male,70.9,1,0,Yes,Govt_job,Rural,78.0,32.9,smokes
326,Female,12.2,0,0,Yes,Private,Rural,71.2,45.4,smokes
7,Female,6.6,1,0,Yes,Private,Rural,87.5,30.5,Unknown
294,Female,12.3,0,0,Yes,Govt_job,Urban,75.4,24.6,never smoked
127,Male,9.6,1,0,Yes,Govt_job,Rural,88.6,20.6,Unknown
140,Male,71.7,0,0,Yes,Private,Urban,88.3,13.1,Unknown
242,Female,44.3,0,0,Yes,Private,Urban,141.5,26.1,never smoked
153,Male,6.0,0,0,Yes,Self-employed,Urban,112.7,24.7,smokes
407,Female,50.3,0,0,Yes,Govt_job,Urban,179.5,24.6,formerly smoked
253,Male,53.9,0,0,Yes,Private,Urban,157.8,22.9,never smoked
79,Female,11.2,0,0,Yes,Self-employed,Rural,64.6,27.9,formerly smoked
141,Male,53.4,0,1,Yes,Govt_job,Rural,184.2,30.8,Unknown
358,Female,69.5,1,0,No,Private,Urban,95.4,17.9,Unknown
150,Female,33.4,0,0,Yes,Private,Urban,108.6,11.1,never smoked
10,Female,81.7,1,0,Yes,Govt_job,Urban,68.1,15.1,smokes
330,Male,2.9,0,0,Yes,Private,Urban,135.0,41.8,never smoked
416,Female,62.9,0,0,Yes,Self-employed,Urban,88.7,33.2,smokes
313,Female,35.6,0,0,Yes,Private,Rural,131.9,15.6,smokes
285,Female,57.6,0,0,Yes,Private,Rural,151.7,16.0,Unknown
194,Female,34.4,0,0,No,Private,Rural,190.4,64.5,never smoked
218,Male,54.4,0,0,Yes,Govt_job,Urban,177.4,26.6,never smoked
429,Male,3.2,0,0,Yes,Self-employed,Rural,117.3,16.6,Unknown
49,Female,3.2,0,1,No,Private,Rural,118.1,44.7,Unknown
448,Female,51.0,0,0,Yes,Self-employed,Urban,138.1,19.4,never smoked
293,Male,82.3,0,0,Yes,children,Urban,166.3,16.2,smokes
33,Female,73.5,0,0,Yes,Private,Urban,107.8,21.7,Unknown
426,Female,71.8,0,0,Yes,Private,Urban,157.2,29.1,smokes
314,Male,82.2,0,0,Yes,Private,Rural,79.2,20.1,smokes
9,Male,32.0,0,0,Yes,Private,Rural,116.4,21.8,never smoked
308,Male,22.9,0,0,No,Private,Rural,151.1,44.1,never smoked
118,Male,39.5,0,0,Yes,Govt_job,Rural,131.8,24.3,formerly smoked
182,Male,5.0,0,0,No,Self-employed,Urban,222.1,16.6,never smoked
114,Female,61.1,0,0,Yes,children,Urban,107.5,34.2,never smoked
180,Male,74.0,1,0,Yes,Govt_job,Urban,152.0,28.9,Unknown
366,Female,7.3,0,0,Yes,Private,Urban,126.9,33.8,Unknown
436,Female,53.9,0,0,No,children,Rural,93.0,26.9,never smoked
246,Female,58.4,0,0,Yes,Private,Urban,126.3,18.6,never smoked
104,Female,18.1,0,0,No,children,Urban,131.1,41.8,never smoked
404,Female,6.6,0,0,Yes,Self-employed,Rural,186.2,34.0,smokes
58,Male,62.0,0,0,Yes,Private,Urban,155.7,27.6,never smoked
390,Female,49.5,0,1,Yes,Private,Rural,117.2,32.3,Unknown
209,Male,57.4,0,1,Yes,children,Rural,134.1,26.5,never smoked
373,Male,11.4,0,0,No,Private,Rural,153.7,19.6,never smoked
274,Female,29.2,0,1,Yes,Private,Rural,76.3,17.8,smokes
233,Male,25.9,0,0,No,Private,Urban,105.5,20.8,never smoked
368,Male,41.6,0,0,Yes,Private,Rural,214.1,28.0,Unknown
234,Male,68.5,0,0,Yes,children,Rural,117.3,17.9,smokes
291,Female,16.7,0,0,No,Private,Urban,107.1,29.7,formerly smoked
215,Male,53.7,0,0,Yes,children,Urban,100.4,27.8,never smoked
196,Male,13.2,0,0,Yes,Private,Urban,118.5,20.1,smokes
41,Male,22.6,0,0,Yes,children,Rural,69.9,17.2,Unknown
276,Male,44.8,0,0,No,Private,Rural,79.6,22.3,Unknown
417,Male,11.0,0,0,Yes,Self-employed,Urban,93.3,26.6,never smoked
227,Female,8.4,0,0,No,Private,Rural,87.2,29.9,never smoked
165,Female,47.1,0,0,Yes,Govt_job,Urban,98.8,39.4,never smoked
292,Male,57.0,0,0,No,Private,Urban,127.7,31.8,Unknown
32,Female,66.0,0,0,Yes,Self-employed,Urban,116.3,28.6,Unknown
136,Female,17.2,0,0,Yes,Private,Urban,204.9,37.4,never smoked
91,Female,80.2,0,0,No,Private,Urban,146.4,22.1,smokes
307,Female,59.1,0,0,No,Self-employed,Rural,55.2,14.6,never smoked
152,Male,16.0,0,0,No,Self-employed,Urban,174.9,36.5,Unknown
391,Female,21.2,0,0,Yes,Private,Urban,119.2,31.8,never smoked
399,Male,55.5,0,0,No,Private,Urban,106.0,28.7,Unknown
188,Male,57.7,0,0,No,Private,Urban,113.7,29.9,Unknown
324,Male,78.4,0,0,No,Private,Rural,221.3,15.8,Unknown
414,Female,9.8,0,0,Yes,Private,Urban,124.1,26.2,smokes
239,Male,70.1,1,0,Yes,Self-employed,Rural,123.4,34.8,formerly smoked
